fold,frame_auc,frame_f1_score,frame_fn,frame_fp,frame_precision,frame_tn,frame_tp,loss,utt_auc,utt_f1_score,utt_fn,utt_fp,utt_precision,utt_tn,utt_tp
1,0.052366044372320175,0.0,28045.0,0.0,0.0,131481304.0,0.0,0.05695658177137375,0.7542734146118164,0.018213745206594467,809.0,0.0,0.0,87216.0,0.0
2,0.05297377333045006,0.0,29499.0,0.0,0.0,131479856.0,0.0,0.05632488429546356,0.7422863245010376,0.017611222341656685,782.0,0.0,0.0,87243.0,0.0
3,0.052546679973602295,0.0,28747.0,0.0,0.0,131480600.0,0.0,0.05544363707304001,0.7268356680870056,0.017097674310207367,759.0,0.0,0.0,87266.0,0.0
4,0.052553631365299225,0.0,28629.0,117591632.0,0.0,13889132.0,0.0,0.05565999075770378,0.7487787008285522,0.017477277666330338,776.0,0.0,0.0,87249.0,0.0
average,0.05261003226041794,0.0,28730.0,29397908.0,0.0,102082723.0,0.0,0.056096273474395275,0.743043527007103,0.017599979881197214,781.5,0.0,0.0,87243.5,0.0
