fold,frame_auc,frame_f1_score,frame_fn,frame_fp,frame_precision,frame_tn,frame_tp,loss,utt_auc,utt_f1_score,utt_fn,utt_fp,utt_precision,utt_tn,utt_tp
1,0.49586015939712524,0.0005216156132519245,0.0,1383439.0,0.0002608758513815701,0.0,361.0,1.4586260318756104,0.49676376581192017,0.016967125236988068,8.0,0.0,0.0,927.0,0.0
2,0.5116497278213501,0.0009158977190963924,0.0,1383166.0,0.00045815869816578925,0.0,634.0,5.768893718719482,0.4008714556694031,0.0357142798602581,17.0,0.0,0.0,918.0,0.0
3,0.46533578634262085,0.0012001588474959135,0.0,1381490.0,0.0006004398455843329,0.0,830.0,57.55073547363281,0.43016958236694336,0.04192871227860451,20.0,0.0,0.0,914.0,0.0
average,0.49094855785369873,0.0008792240599480768,0.0,1382698.3333333333,0.00043982479837723076,0.0,608.3333333333334,21.5927517414093,0.44260160128275555,0.031536705791950226,15.0,0.0,0.0,919.6666666666666,0.0
