epoch,frame_auc,frame_f1_score,frame_fn,frame_fp,frame_precision,frame_tn,frame_tp,loss,utt_auc,utt_f1_score,utt_fn,utt_fp,utt_precision,utt_tn,utt_tp,val_frame_auc,val_frame_f1_score,val_frame_fn,val_frame_fp,val_frame_precision,val_frame_tn,val_frame_tp,val_loss,val_utt_auc,val_utt_f1_score,val_utt_fn,val_utt_fp,val_utt_precision,val_utt_tn,val_utt_tp
0,0.3234376311302185,0.0,1464.0,208492.0,0.0,2556164.0,0.0,1532.868408203125,0.5419199466705322,0.03882475569844246,37.0,196.0,0.0,1636.0,0.0,0.5028295516967773,0.0005217429716140032,0.0,1383101.0,0.00026093958877027035,338.0,361.0,401.7448425292969,0.49555015563964844,0.016967125236988068,8.0,0.0,0.0,927.0,0.0
1,0.6993094682693481,0.0010579664958640933,0.0,2764645.0,0.0005292632849887013,11.0,1464.0,26.225189208984375,0.2986840605735779,0.03882475569844246,37.0,0.0,0.0,1832.0,0.0,0.49586015939712524,0.0005216156132519245,0.0,1383439.0,0.0002608758513815701,0.0,361.0,1.458626389503479,0.49676376581192017,0.016967125236988068,8.0,0.0,0.0,927.0,0.0
