epoch,frame_auc,frame_f1_score,frame_fn,frame_fp,frame_precision,frame_tn,frame_tp,loss,utt_auc,utt_f1_score,utt_fn,utt_fp,utt_precision,utt_tn,utt_tp,val_frame_auc,val_frame_f1_score,val_frame_fn,val_frame_fp,val_frame_precision,val_frame_tn,val_frame_tp,val_loss,val_utt_auc,val_utt_f1_score,val_utt_fn,val_utt_fp,val_utt_precision,val_utt_tn,val_utt_tp
0,0.4984893202781677,0.0008893331978470087,0.0,4100548.0,0.0004448644758667797,47547.0,1825.0,29.722122192382812,0.4507470726966858,0.03159002587199211,45.0,0.0,0.0,2759.0,0.0,0.49228280782699585,0.0012001588474959135,0.0,1381490.0,0.0006004398455843329,0.0,830.0,3.8324224948883057,0.37510940432548523,0.04192871227860451,20.0,0.0,0.0,914.0,0.0
1,0.495762437582016,0.0008791483123786747,0.0,4148095.0,0.0004397675220388919,0.0,1825.0,1.2924140691757202,0.6322580575942993,0.03159002587199211,45.0,0.0,0.0,2759.0,0.0,0.4959092438220978,0.0012001588474959135,0.0,1381490.0,0.0006004398455843329,0.0,830.0,1.3303145170211792,0.48304158449172974,0.04192871227860451,20.0,0.0,0.0,914.0,0.0
0,0.6020841002464294,0.0008792214212007821,0.0,4147750.0,0.00043980407644994557,345.0,1825.0,0.5086575746536255,0.3915709853172302,0.03159002587199211,45.0,0.0,0.0,2759.0,0.0,NA,NA,NA,NA,NA,NA,NA,NA,NA,NA,NA,NA,NA,NA,NA
1,0.5000167489051819,0.0008791483123786747,0.0,4148095.0,0.0004397675220388919,0.0,1825.0,0.20528873801231384,0.4410575330257416,0.03159002587199211,45.0,0.0,0.0,2759.0,0.0,NA,NA,NA,NA,NA,NA,NA,NA,NA,NA,NA,NA,NA,NA,NA
0,0.5498554706573486,0.001298138638958335,578.0,1918140.0,0.0006496866117231548,2229955.0,1247.0,489.5410461425781,0.40260961651802063,0.03159002587199211,45.0,96.0,0.0,2663.0,0.0,NA,NA,NA,NA,NA,NA,NA,NA,NA,NA,NA,NA,NA,NA,NA
1,0.3882089853286743,0.0008791483123786747,0.0,4148095.0,0.0004397675220388919,0.0,1825.0,43.052555084228516,0.5669485330581665,0.03159002587199211,45.0,0.0,0.0,2759.0,0.0,NA,NA,NA,NA,NA,NA,NA,NA,NA,NA,NA,NA,NA,NA,NA
