epoch,frame_auc,frame_f1_score,frame_fn,frame_fp,frame_precision,frame_tn,frame_tp,loss,utt_auc,utt_f1_score,utt_fn,utt_fp,utt_precision,utt_tn,utt_tp,val_frame_auc,val_frame_f1_score,val_frame_fn,val_frame_fp,val_frame_precision,val_frame_tn,val_frame_tp,val_loss,val_utt_auc,val_utt_f1_score,val_utt_fn,val_utt_fp,val_utt_precision,val_utt_tn,val_utt_tp
0,0.22576501965522766,0.0,995.0,1654038.0,0.0,1112567.0,0.0,556.8387451171875,0.7167046070098877,0.026385221630334854,22.0,249.0,0.011904762126505375,1596.0,3.0,0.5214022994041443,0.0012001588474959135,0.0,1381490.0,0.0006004398455843329,0.0,830.0,319.9437561035156,0.4967177212238312,0.04192871227860451,20.0,0.0,0.0,914.0,0.0
1,0.8441170454025269,0.0007187760202214122,0.0,2766605.0,0.00035951726022176445,0.0,995.0,101.50746154785156,0.13861247897148132,0.026385221630334854,25.0,0.0,0.0,1845.0,0.0,0.46533578634262085,0.0012001588474959135,0.0,1381490.0,0.0006004398455843329,0.0,830.0,57.55072784423828,0.43016958236694336,0.04192871227860451,20.0,0.0,0.0,914.0,0.0
