epoch,frame_auc,frame_f1_score,frame_fn,frame_fp,frame_precision,frame_tn,frame_tp,loss,utt_auc,utt_f1_score,utt_fn,utt_fp,utt_precision,utt_tn,utt_tp,val_frame_auc,val_frame_f1_score,val_frame_fn,val_frame_fp,val_frame_precision,val_frame_tn,val_frame_tp,val_loss,val_utt_auc,val_utt_f1_score,val_utt_fn,val_utt_fp,val_utt_precision,val_utt_tn,val_utt_tp
0,0.1608341634273529,0.0,1191.0,110561.0,0.0,2654368.0,0.0,1023.0633544921875,0.5841546058654785,0.029520291835069656,28.0,216.0,0.0,1625.0,0.0,0.6184389591217041,0.0009401798597536981,0.0,1347410.0,0.0004703110607806593,35756.0,634.0,432.6513366699219,0.4744008779525757,0.0357142798602581,17.0,0.0,0.0,918.0,0.0
1,0.6326237916946411,0.000860898639075458,0.0,2764494.0,0.0004306347109377384,435.0,1191.0,45.90354919433594,0.36090636253356934,0.029520291835069656,28.0,0.0,0.0,1841.0,0.0,0.5116497278213501,0.0009158977190963924,0.0,1383166.0,0.00045815869816578925,0.0,634.0,5.768891334533691,0.4008714556694031,0.0357142798602581,17.0,0.0,0.0,918.0,0.0
